City_ID,City,Country,Date,Lat,Lng,Max Temp,Humidity,Cloudiness,Wind Speed
0,Mataura,NZ,2022-05-11 21:52:16,-46.1927,168.8643,51.48,77,11,2.8
1,Petropavlovsk-Kamchatskiy,RU,2022-05-11 21:52:16,53.0452,158.6483,48.79,50,75,4.47
2,Rikitea,PF,2022-05-11 21:52:17,-23.1203,-134.9692,77.23,82,10,20.33
3,Hamilton,US,2022-05-11 21:52:17,39.1834,-84.5333,86.76,44,15,4.0
4,Langcangan,PH,2022-05-11 21:52:18,8.4794,123.7558,75.83,94,61,3.58
5,Cape Town,ZA,2022-05-11 21:50:02,-33.9258,18.4232,56.12,88,0,4.61
6,Tasiilaq,GL,2022-05-11 21:52:20,65.6145,-37.6368,21.63,85,90,2.24
7,Hermanus,ZA,2022-05-11 21:52:20,-34.4187,19.2345,57.45,78,0,5.75
8,Ancud,CL,2022-05-11 21:52:21,-41.8697,-73.8203,49.28,88,100,14.36
9,Havre-Saint-Pierre,CA,2022-05-11 21:52:22,50.2334,-63.5986,55.76,44,100,10.36
10,Ixtapa,MX,2022-05-11 21:52:22,20.7,-105.2,93.11,36,3,8.3
11,Puerto Ayora,EC,2022-05-11 21:52:23,-0.7393,-90.3518,84.16,89,49,3.0
12,Mount Gambier,AU,2022-05-11 21:52:23,-37.8333,140.7667,51.71,93,100,0.0
13,Masvingo,ZW,2022-05-11 21:52:25,-20.0637,30.8277,60.08,79,0,4.59
14,Puerto Colombia,CO,2022-05-11 21:52:25,10.9878,-74.9547,82.49,73,100,7.81
15,Ushuaia,AR,2022-05-11 21:49:14,-54.8,-68.3,49.66,57,75,18.41
16,Puerto Del Rosario,ES,2022-05-11 21:52:26,28.5004,-13.8627,71.35,73,0,16.11
17,Dikson,RU,2022-05-11 21:52:27,73.5069,80.5464,8.92,94,56,5.91
18,Tuatapere,NZ,2022-05-11 21:52:27,-46.1333,167.6833,50.52,79,44,4.61
19,Husavik,IS,2022-05-11 21:52:28,66.0449,-17.3389,31.89,91,100,9.4
20,Portland,US,2022-05-11 21:52:10,45.5234,-122.6762,64.26,46,75,9.22
21,Lagoa,PT,2022-05-11 21:52:29,39.05,-27.9833,58.06,68,72,13.0
22,Victoria,HK,2022-05-11 21:51:00,22.2855,114.1577,80.65,94,100,5.01
23,Mar Del Plata,AR,2022-05-11 21:52:30,-38.0023,-57.5575,53.87,80,20,8.05
24,Norman Wells,CA,2022-05-11 21:52:30,65.282,-126.8329,46.44,34,20,3.44
25,Ostrovnoy,RU,2022-05-11 21:52:31,68.0531,39.5131,43.34,71,100,16.67
26,Grindavik,IS,2022-05-11 21:52:32,63.8424,-22.4338,39.15,81,75,9.22
27,Hilo,US,2022-05-11 21:52:32,19.7297,-155.09,84.27,69,75,11.5
28,Port Elizabeth,ZA,2022-05-11 21:52:33,-33.918,25.5701,57.49,88,0,3.44
29,Saint-Philippe,RE,2022-05-11 21:52:33,-21.3585,55.7679,72.99,81,48,5.48
30,Quebo,GW,2022-05-11 21:52:34,11.3333,-14.9333,77.31,71,21,7.23
31,Barrow,US,2022-05-11 21:52:34,71.2906,-156.7887,28.42,86,100,17.27
32,Nikolskoye,RU,2022-05-11 21:52:35,59.7035,30.7861,47.8,97,100,3.76
33,Sikasso,ML,2022-05-11 21:52:35,10.9167,-7.0,90.28,33,29,6.02
34,Ozernovskiy,RU,2022-05-11 21:52:36,51.5,156.5167,41.83,75,19,6.31
35,Bayanday,RU,2022-05-11 21:52:36,53.0661,105.5139,34.05,61,76,4.76
36,Berberati,CF,2022-05-11 21:52:37,4.2612,15.7922,66.83,91,96,2.13
37,Russell,US,2022-05-11 21:52:38,32.3502,-85.1999,86.97,43,0,9.22
38,Yelkhovka,RU,2022-05-11 21:52:38,53.8667,50.2832,43.56,89,93,17.63
39,Boa Vista,BR,2022-05-11 21:52:39,2.8197,-60.6733,85.98,66,75,6.91
40,Killorglin,IE,2022-05-11 21:52:39,52.1,-9.7833,46.02,90,71,5.82
41,Tshikapa,CD,2022-05-11 21:52:40,-6.4167,20.8,75.87,69,48,1.59
42,Thompson,CA,2022-05-11 21:52:41,55.7435,-97.8558,64.56,36,75,23.02
43,Bambous Virieux,MU,2022-05-11 21:52:41,-20.3428,57.7575,75.45,88,40,3.44
44,Imeni Poliny Osipenko,RU,2022-05-11 21:52:42,52.4201,136.4853,38.71,85,100,15.64
45,Bredasdorp,ZA,2022-05-11 21:52:42,-34.5322,20.0403,53.38,86,0,3.8
46,Qaanaaq,GL,2022-05-11 21:52:43,77.484,-69.3632,15.44,80,6,5.61
47,Storforshei,NO,2022-05-11 21:52:43,66.4043,14.5233,40.66,93,100,2.3
48,Khatanga,RU,2022-05-11 21:52:44,71.9667,102.5,23.32,94,52,15.57
49,Butaritari,KI,2022-05-11 21:53:44,3.0707,172.7902,80.92,77,100,9.15
50,Bereda,ES,2022-05-11 21:53:45,43.2686,-7.5406,55.58,94,100,4.23
51,Kapaa,US,2022-05-11 21:53:45,22.0752,-159.319,80.58,78,85,8.01
52,Vaini,TO,2022-05-11 21:53:46,-21.2,-175.2,75.36,73,75,12.66
53,Tuktoyaktuk,CA,2022-05-11 21:53:46,69.4541,-133.0374,39.2,65,40,17.27
54,Longyearbyen,SJ,2022-05-11 21:53:47,78.2186,15.6401,19.24,73,0,8.05
55,Tiksi,RU,2022-05-11 21:53:48,71.6872,128.8694,16.81,92,98,6.13
56,Albany,US,2022-05-11 21:49:00,42.6001,-73.9662,79.21,19,1,4.21
57,Vestmanna,FO,2022-05-11 21:53:49,62.1564,-7.1664,38.32,81,75,14.97
58,Bima,ID,2022-05-11 21:53:49,-8.4667,118.7167,74.97,91,100,2.8
59,Yerbogachen,RU,2022-05-11 21:53:50,61.2767,108.0108,41.7,90,88,5.53
60,Brae,GB,2022-05-11 21:53:50,60.3964,-1.353,46.33,81,98,22.79
61,Saskylakh,RU,2022-05-11 21:53:51,71.9167,114.0833,25.27,89,66,16.02
62,Laguna De Duero,ES,2022-05-11 21:53:52,41.5815,-4.7233,67.84,59,0,3.44
63,Edmundston,CA,2022-05-11 21:53:52,47.3737,-68.3251,82.63,15,13,5.75
64,New Norfolk,AU,2022-05-11 21:53:53,-42.7826,147.0587,49.71,90,98,3.13
65,Sakakah,SA,2022-05-11 21:53:53,29.9697,40.2064,72.97,17,1,4.81
66,Taoudenni,ML,2022-05-11 21:53:54,22.6783,-3.9836,93.72,7,0,11.01
67,Yellowknife,CA,2022-05-11 21:53:55,62.456,-114.3525,39.72,65,75,4.61
68,Tessalit,ML,2022-05-11 21:53:55,20.1986,1.0114,86.9,7,0,10.13
69,Provideniya,RU,2022-05-11 21:53:56,64.3833,-173.3,39.36,75,75,13.42
70,Kieta,PG,2022-05-11 21:53:57,-6.2167,155.6333,82.78,71,90,3.49
71,Castro,BR,2022-05-11 21:53:58,-24.7911,-50.0119,59.04,82,52,4.14
72,Busselton,AU,2022-05-11 21:53:58,-33.65,115.3333,55.56,91,100,16.62
73,Along,IN,2022-05-11 21:53:59,28.1667,94.7667,69.24,95,94,0.85
74,Peleduy,RU,2022-05-11 21:53:59,59.6289,112.7406,39.45,91,51,2.3
75,Hobart,AU,2022-05-11 21:49:35,-42.8794,147.3294,50.05,92,0,5.75
76,Jiaozhou,CN,2022-05-11 21:54:00,36.2839,120.0033,53.56,83,7,1.19
77,Nuuk,GL,2022-05-11 21:50:27,64.1835,-51.7216,32.88,89,100,13.0
78,Atuona,PF,2022-05-11 21:54:01,-9.8,-139.0333,78.67,73,0,18.72
79,Kodiak,US,2022-05-11 21:53:01,57.79,-152.4072,46.29,50,68,6.26
80,La Libertad,EC,2022-05-11 21:54:02,-2.2333,-80.9,76.66,83,20,11.5
81,Bluff,NZ,2022-05-11 21:54:03,-46.6,168.3333,51.8,78,23,13.87
82,Airai,TL,2022-05-11 21:54:03,-8.9266,125.4092,59.0,89,91,0.89
83,Arraial Do Cabo,BR,2022-05-11 21:54:04,-22.9661,-42.0278,73.26,88,0,5.75
84,Somerset East,ZA,2022-05-11 21:54:04,-32.7217,25.588,50.65,79,0,4.79
85,Payo,ID,2022-05-11 21:54:05,-3.7508,103.6372,73.87,99,99,1.14
86,Ambon,ID,2022-05-11 21:54:05,-3.6954,128.1814,77.14,94,40,2.3
87,Arrecife,ES,2022-05-11 21:54:06,28.963,-13.5477,69.78,78,20,2.3
88,Mapiripan,CO,2022-05-11 21:54:07,2.8892,-72.1256,80.4,85,86,1.7
89,Asau,RO,2022-05-11 21:55:08,46.4333,26.4,52.72,100,70,5.91
90,Georgetown,MY,2022-05-11 21:51:15,5.4112,100.3354,82.33,93,40,3.44
91,Grand Gaube,MU,2022-05-11 21:55:09,-20.0064,57.6608,75.6,88,18,8.41
92,Port Alfred,ZA,2022-05-11 21:55:09,-33.5906,26.891,60.84,78,0,8.59
93,Teguldet,RU,2022-05-11 21:55:10,57.3064,88.1667,37.6,60,8,5.01
94,Riyadh,SA,2022-05-11 21:51:11,24.6877,46.7219,86.14,16,0,15.37
95,Punta Arenas,CL,2022-05-11 21:55:11,-53.15,-70.9167,46.51,76,0,3.44
96,Imbituba,BR,2022-05-11 21:54:46,-28.24,-48.6703,68.86,89,20,5.01
97,Vao,NC,2022-05-11 21:55:12,-22.6667,167.4833,73.4,61,100,28.14
98,Yelizovo,RU,2022-05-11 21:55:12,53.1873,158.3805,50.14,50,75,4.47
99,Mutis,CO,2022-05-11 21:55:13,6.2262,-77.4044,81.55,79,55,3.98
100,Takestan,IR,2022-05-11 21:55:14,36.0696,49.6959,57.02,42,0,9.22
101,Port Augusta,AU,2022-05-11 21:55:14,-32.5,137.7667,56.28,85,4,3.85
102,Nome,US,2022-05-11 21:55:15,64.5011,-165.4064,40.15,82,100,8.99
103,Pouembout,NC,2022-05-11 21:55:15,-21.1333,164.9,73.67,73,100,7.25
104,Carnarvon,AU,2022-05-11 21:55:16,-24.8667,113.6333,68.07,88,75,5.75
105,Jamestown,US,2022-05-11 21:53:35,42.097,-79.2353,76.64,27,0,8.05
106,Saint George,US,2022-05-11 21:52:09,37.1041,-113.5841,74.62,8,0,25.32
107,Rosario,AR,2022-05-11 21:55:17,-32.9468,-60.6393,63.95,62,0,5.75
108,Pevek,RU,2022-05-11 21:55:18,69.7008,170.3133,27.12,95,100,10.13
109,Vardo,NO,2022-05-11 21:55:18,70.3705,31.1107,39.18,100,100,3.44
110,Avarua,CK,2022-05-11 21:51:18,-21.2078,-159.775,84.25,74,75,11.5
111,Leningradskiy,RU,2022-05-11 21:55:19,69.3833,178.4167,29.08,89,100,5.39
112,Toora-Khem,RU,2022-05-11 21:55:20,52.4675,96.11,28.11,65,0,2.51
113,Hithadhoo,MV,2022-05-11 21:55:20,-0.6,73.0833,83.14,76,95,15.52
114,Maceio,BR,2022-05-11 21:52:33,-9.6658,-35.7353,74.64,94,75,6.91
115,Ponta Do Sol,PT,2022-05-11 21:55:21,32.6667,-17.1,69.01,82,23,4.07
116,Kahului,US,2022-05-11 21:55:22,20.8947,-156.47,82.98,74,69,18.99
117,Flin Flon,CA,2022-05-11 21:55:22,54.7682,-101.865,57.04,33,20,4.61
118,Itoigawa,JP,2022-05-11 21:55:23,37.0333,137.85,66.87,74,100,2.51
119,Lata,PT,2022-05-11 21:55:24,40.1629,-8.3327,55.51,84,100,2.77
120,Kirakira,SB,2022-05-11 21:55:24,-10.4544,161.9205,82.27,80,100,4.23
121,Fallon,US,2022-05-11 21:55:25,39.4735,-118.7774,56.91,24,75,11.5
122,Hibbing,US,2022-05-11 21:55:25,47.4272,-92.9377,67.42,11,99,9.08
123,Bijie,CN,2022-05-11 21:55:26,27.3125,105.2942,55.83,94,100,2.24
124,Bud,US,2022-05-11 21:55:27,39.447,-86.1758,88.93,57,83,6.24
125,Maniitsoq,GL,2022-05-11 21:55:27,65.4167,-52.9,34.0,64,100,8.23
126,Bethel,US,2022-05-11 21:55:28,41.3712,-73.414,77.36,50,36,1.99
127,Kaitangata,NZ,2022-05-11 21:55:28,-46.2817,169.8464,48.65,74,7,7.94
128,Port Lincoln,AU,2022-05-11 21:55:29,-34.7333,135.8667,58.5,83,19,4.88
129,The Pas,CA,2022-05-11 21:55:30,53.8251,-101.2541,62.62,31,0,14.97
130,Kavieng,PG,2022-05-11 21:55:30,-2.5744,150.7967,83.61,75,100,12.3
131,Tautira,PF,2022-05-11 21:55:31,-17.7333,-149.15,80.83,79,21,17.2
132,Marsa Matruh,EG,2022-05-11 21:55:31,31.3525,27.2453,64.6,82,0,4.61
133,Odweyne,SO,2022-05-11 21:55:32,9.4092,45.064,78.48,34,28,5.99
134,Moerai,PF,2022-05-11 21:56:32,-22.4333,-151.3333,80.29,75,99,16.44
135,Mayo,US,2022-05-11 21:56:33,38.8876,-76.5119,69.96,75,100,5.75
136,Umm Lajj,SA,2022-05-11 21:56:34,25.0213,37.2685,81.43,40,0,5.66
137,Fort Nelson,CA,2022-05-11 21:56:34,58.8053,-122.7002,45.99,61,75,12.66
138,Shingu,JP,2022-05-11 21:56:35,33.7333,135.9833,65.95,88,100,8.21
139,Havre,FR,2022-05-11 21:56:35,49.5833,0.3333,55.17,76,0,12.66
140,Vila Velha,BR,2022-05-11 21:56:36,-20.3297,-40.2925,76.95,78,0,10.36
141,Bridgetown,BB,2022-05-11 21:55:46,13.1,-59.6167,82.89,74,40,17.27
142,Tambovka,RU,2022-05-11 21:56:37,50.0969,128.0489,41.14,77,93,1.79
143,Ziarat,PK,2022-05-11 21:56:38,30.3823,67.7282,63.28,14,0,6.26
144,Worthing,GB,2022-05-11 21:56:38,50.8145,-0.3713,54.45,82,1,1.99
145,Ler,SS,2022-05-11 21:56:39,8.3018,30.1418,82.33,61,94,3.56
146,Chuy,UY,2022-05-11 21:56:39,-33.6971,-53.4616,59.95,60,100,11.92
147,Bambanglipuro,ID,2022-05-11 21:56:40,-7.95,110.2833,77.27,91,82,1.81
148,Bilma,NE,2022-05-11 21:56:41,18.6853,12.9164,94.3,15,54,9.51
149,Keetmanshoop,NA,2022-05-11 21:56:41,-26.5833,18.1333,60.33,18,0,2.19
150,Oudtshoorn,ZA,2022-05-11 21:56:42,-33.5907,22.2014,48.56,86,0,1.36
151,Mangan,IN,2022-05-11 21:56:43,27.5167,88.5333,70.88,87,77,1.74
152,Fortuna,US,2022-05-11 21:56:43,40.5982,-124.1573,60.85,64,100,6.91
153,Denpasar,ID,2022-05-11 21:56:44,-8.65,115.2167,80.26,94,40,3.44
154,College,US,2022-05-11 21:56:31,64.8569,-147.8028,50.0,44,40,4.0
155,Jieshi,CN,2022-05-11 21:56:45,22.8134,115.8257,75.94,96,100,6.33
156,Buguruslan,RU,2022-05-11 21:56:45,53.6554,52.442,42.78,78,51,12.71
157,Birao,CF,2022-05-11 21:56:46,10.2849,22.7882,86.85,40,100,4.68
158,Moron,AR,2022-05-11 21:56:46,-34.6534,-58.6198,60.96,56,100,5.86
159,Inta,RU,2022-05-11 21:56:47,66.0317,60.1659,39.24,82,18,5.46
160,Puerto Escondido,MX,2022-05-11 21:56:48,15.85,-97.0667,88.23,64,97,7.16
161,Alice Springs,AU,2022-05-11 21:56:48,-23.7,133.8833,38.75,81,23,5.75
162,Linqiong,CN,2022-05-11 21:56:49,30.4159,103.4609,67.82,79,100,2.08
163,Kruisfontein,ZA,2022-05-11 21:56:49,-34.0033,24.7314,52.75,87,0,5.61
164,Meulaboh,ID,2022-05-11 21:56:50,4.1363,96.1285,77.04,86,100,4.79
165,Ajaccio,FR,2022-05-11 21:56:50,42.0,8.9167,57.25,77,0,5.75
166,Bulgan,MN,2022-05-11 21:56:51,48.8125,103.5347,28.85,52,33,5.86
167,Faanui,PF,2022-05-11 21:56:52,-16.4833,-151.75,81.63,76,17,16.28
168,Teya,RU,2022-05-11 21:56:52,60.3778,92.6267,30.94,95,43,3.44
169,East London,ZA,2022-05-11 21:56:53,-33.0153,27.9116,61.23,75,5,6.2
170,Uruzgan,AF,2022-05-11 21:56:53,32.8333,66.0,64.96,14,0,1.74
171,Saldanha,ZA,2022-05-11 21:56:54,-33.0117,17.9442,48.25,79,0,5.46
172,Nioro,GM,2022-05-11 21:56:54,13.35,-15.75,80.13,53,54,10.29
173,Mount Isa,AU,2022-05-11 21:56:55,-20.7333,139.5,64.17,82,100,16.11
174,Vysha,RU,2022-05-11 21:56:55,53.8477,42.3777,45.01,99,100,5.14
175,Borovoy,RU,2022-05-11 21:56:56,55.4333,86.0833,47.48,27,0,4.47
176,Mahebourg,MU,2022-05-11 21:56:56,-20.4081,57.7,75.49,88,40,3.44
177,Ribeira Grande,PT,2022-05-11 21:56:57,38.5167,-28.7,59.31,66,87,17.13
178,Chokurdakh,RU,2022-05-11 21:56:58,70.6333,147.9167,19.24,90,100,12.12
179,Alekseyevka,RU,2022-05-11 21:57:58,50.6309,38.6903,47.39,83,100,10.63
180,Dhidhdhoo,MV,2022-05-11 21:57:59,6.8833,73.1,83.89,75,88,13.82
181,Te Anau,NZ,2022-05-11 21:57:59,-45.4167,167.7167,45.77,84,60,0.29
182,Saint-Francois,FR,2022-05-11 21:58:00,46.4154,3.9054,65.64,63,0,5.75
183,Surt,LY,2022-05-11 21:58:01,31.2089,16.5887,64.35,76,67,10.76
184,Shahreza,IR,2022-05-11 21:58:02,32.0339,51.8794,61.38,17,0,5.93
185,Mumford,GH,2022-05-11 21:58:03,5.2618,-0.759,81.48,83,68,9.73
186,Tanete,ID,2022-05-11 21:58:04,-3.9443,119.7848,75.83,96,91,0.96
187,Souillac,MU,2022-05-11 21:58:04,-20.5167,57.5167,75.58,88,40,3.44
188,Whitehorse,CA,2022-05-11 21:53:32,60.7161,-135.0538,46.09,57,75,11.5
189,Emba,KZ,2022-05-11 21:58:05,48.8264,58.1442,50.92,49,52,9.84
190,Marquette,US,2022-05-11 21:58:05,46.5333,-87.6335,73.78,76,100,6.46
191,High Level,CA,2022-05-11 21:58:06,58.5169,-117.136,48.31,53,40,3.44
192,Nemuro,JP,2022-05-11 21:58:06,43.3236,145.575,46.11,99,100,11.32
193,Tabory,RU,2022-05-11 21:58:07,58.5198,64.5495,49.78,93,94,4.5
194,Shaoguan,CN,2022-05-11 21:58:07,24.8,113.5833,68.81,97,100,2.39
195,Beaverlodge,CA,2022-05-11 21:58:08,55.2166,-119.4361,52.95,39,100,5.1
196,San Lorenzo,PY,2022-05-11 21:58:08,-25.3333,-57.5333,68.94,60,40,9.22
197,Voi,KE,2022-05-11 21:58:09,-3.3945,38.563,71.17,84,37,10.2
198,Ilulissat,GL,2022-05-11 21:58:10,69.2167,-51.1,21.81,78,2,8.9
199,Hukuntsi,BW,2022-05-11 21:58:10,-24.0,21.75,63.3,27,8,7.07
200,Santa Maria,BR,2022-05-11 21:58:11,-29.6842,-53.8069,61.9,82,75,3.44
201,Marystown,CA,2022-05-11 21:58:11,47.1666,-55.1483,47.86,100,5,5.99
202,Liverpool,GB,2022-05-11 21:55:26,53.4106,-2.9779,53.82,74,40,11.5
203,Borger,NL,2022-05-11 21:54:55,52.9233,6.7931,57.27,90,80,17.0
204,Petrolina,BR,2022-05-11 21:58:12,-9.3986,-40.5008,82.45,54,20,8.05
205,Luderitz,NA,2022-05-11 21:58:13,-26.6481,15.1594,57.24,68,0,10.78
206,At-Bashi,KG,2022-05-11 21:58:13,41.1702,75.8106,52.23,75,98,4.68
207,Spring Valley,US,2022-05-11 21:57:19,36.108,-115.245,70.95,14,20,25.32
208,Tiarei,PF,2022-05-11 21:58:14,-17.5333,-149.3333,86.02,79,21,17.02
209,Buta,CD,2022-05-11 21:58:15,2.7858,24.73,71.51,99,100,2.46
210,Haines Junction,CA,2022-05-11 21:58:15,60.7522,-137.5108,44.55,45,100,5.75
211,Boat Of Garten,GB,2022-05-11 21:58:16,57.2491,-3.759,45.63,74,31,8.48
212,Dalbandin,PK,2022-05-11 21:58:16,28.8947,64.4101,83.34,12,0,5.91
213,Guerrero Negro,MX,2022-05-11 21:58:17,27.9769,-114.0611,66.34,51,85,26.22
214,Lakes Entrance,AU,2022-05-11 21:58:18,-37.8811,147.981,53.17,93,100,7.56
215,Launceston,AU,2022-05-11 21:58:18,-41.45,147.1667,54.81,94,100,8.05
216,Severo-Kurilsk,RU,2022-05-11 21:58:19,50.6789,156.125,40.57,85,47,4.41
217,Puerto Ayacucho,VE,2022-05-11 21:58:19,5.6639,-67.6236,80.89,85,99,2.98
218,Northam,GB,2022-05-11 21:58:20,51.0333,-4.2167,51.66,92,5,12.73
219,Salalah,OM,2022-05-11 21:58:20,17.0151,54.0924,87.69,27,14,6.96
220,Danville,US,2022-05-11 21:58:21,36.586,-79.395,79.45,36,0,5.99
221,Kuah,MY,2022-05-11 21:58:22,6.3265,99.8432,80.58,89,20,0.0
222,Ninghai,CN,2022-05-11 21:58:22,29.2892,121.4247,62.83,97,100,3.78
223,Flinders,AU,2022-05-11 21:58:23,-34.5833,150.8552,62.38,93,100,1.99
224,Lompoc,US,2022-05-11 21:59:23,34.6391,-120.4579,71.56,58,0,13.0
225,George Town,MY,2022-05-11 21:59:02,5.4112,100.3354,82.33,93,40,3.44
226,Yangambi,CD,2022-05-11 21:59:24,0.8102,24.4336,71.01,96,100,1.99
227,Naze,JP,2022-05-11 21:59:25,28.3667,129.4833,72.52,91,100,9.98
228,Fredericton,CA,2022-05-11 21:55:24,45.9454,-66.6656,76.05,22,0,5.75
229,Dongsheng,CN,2022-05-11 21:59:26,39.8161,109.9776,41.56,56,100,10.51
230,Jandaia Do Sul,BR,2022-05-11 21:59:27,-23.6031,-51.6433,63.25,87,0,4.12
231,Kavaratti,IN,2022-05-11 21:59:27,10.5669,72.642,84.67,67,86,14.94
232,Lorengau,PG,2022-05-11 21:59:28,-2.0226,147.2712,83.95,70,96,8.39
233,Chicama,PE,2022-05-11 21:59:28,-7.8447,-79.1469,63.14,71,15,8.28
234,Miri,MY,2022-05-11 21:59:29,4.4148,114.0089,77.14,100,40,3.44
235,Alyangula,AU,2022-05-11 21:59:30,-13.8483,136.4192,73.27,94,45,3.44
236,Rock Springs,US,2022-05-11 21:59:30,41.5875,-109.2029,69.24,16,9,10.0
237,Ahuimanu,US,2022-05-11 21:59:31,21.4447,-157.8378,81.19,67,75,12.66
238,Steinbach,DE,2022-05-11 21:59:32,50.1667,8.5667,70.88,37,0,9.22
239,San Mateo Ixtatan,GT,2022-05-11 21:59:32,15.8319,-91.4781,60.76,44,64,8.12
240,Fairbanks,US,2022-05-11 21:57:44,64.8378,-147.7164,50.02,41,40,4.0
241,Kholtoson,RU,2022-05-11 21:59:33,50.2981,103.3097,23.41,61,7,4.14
242,Chinhoyi,ZW,2022-05-11 21:59:33,-17.3667,30.2,67.3,62,99,3.18
243,Ravar,IR,2022-05-11 21:59:34,31.2656,56.8055,74.89,9,0,5.32
244,Kamenka,RU,2022-05-11 21:59:34,51.3223,42.7678,46.26,96,100,13.04
245,Gualeguaychu,AR,2022-05-11 21:59:35,-33.0094,-58.5172,52.7,76,14,7.56
246,Jega,NG,2022-05-11 21:59:35,12.2175,4.3792,82.22,62,91,16.96
247,Sucua,EC,2022-05-11 21:59:36,-2.4667,-78.1667,79.54,65,20,8.05
248,Nanortalik,GL,2022-05-11 21:59:37,60.1432,-45.2371,34.27,99,100,12.93
249,Hohhot,CN,2022-05-11 21:59:37,40.8106,111.6522,39.49,38,0,6.71
250,Vaitape,PF,2022-05-11 21:59:38,-16.5167,-151.75,81.64,76,17,16.2
251,Suluq,LY,2022-05-11 21:59:39,31.6682,20.2521,70.93,37,94,14.5
252,La Ronge,CA,2022-05-11 21:59:39,55.1001,-105.2842,59.22,36,40,8.05
253,Sur,OM,2022-05-11 21:59:40,22.5667,59.5289,87.66,34,47,8.1
254,Zigong,CN,2022-05-11 21:59:41,29.3416,104.7769,66.49,91,100,3.49
255,Sitka,US,2022-05-11 21:59:41,57.0531,-135.33,50.0,59,100,2.75
256,Prince Rupert,CA,2022-05-11 21:58:35,54.3161,-130.3201,46.49,85,100,12.66
257,Christchurch,NZ,2022-05-11 21:55:05,-43.5333,172.6333,53.42,90,41,1.14
258,Gunnedah,AU,2022-05-11 21:59:43,-30.9833,150.25,60.53,87,100,5.79
259,Mareeba,AU,2022-05-11 21:59:44,-17.0,145.4333,70.52,96,99,2.17
260,Ahipara,NZ,2022-05-11 21:59:44,-35.1667,173.1667,59.25,57,0,5.77
261,Makakilo City,US,2022-05-11 21:59:45,21.3469,-158.0858,80.01,66,56,15.57
262,Cayenne,GF,2022-05-11 21:59:46,4.9333,-52.3333,82.09,1,75,10.36
263,Buraydah,SA,2022-05-11 21:59:46,26.326,43.975,82.85,14,0,9.33
264,Talnakh,RU,2022-05-11 21:59:47,69.4865,88.3972,29.21,98,100,6.2
265,Onega,RU,2022-05-11 21:59:47,63.9061,38.1404,47.43,68,100,7.76
266,Silver City,US,2022-05-11 21:59:48,32.7701,-108.2803,85.96,11,0,17.0
267,Champerico,GT,2022-05-11 21:59:49,14.3,-91.9167,95.54,61,100,7.63
268,Belize,BZ,2022-05-11 22:00:49,17.25,-88.75,90.9,40,5,8.55
269,Bandarbeyla,SO,2022-05-11 22:00:51,9.4942,50.8122,81.7,83,100,9.01
270,Santiago,CL,2022-05-11 21:59:03,-33.4569,-70.6483,70.99,44,75,9.22
271,Katangli,RU,2022-05-11 22:00:52,51.7102,143.2326,33.12,98,100,9.95
272,Arinos,BR,2022-05-11 22:00:52,-15.9169,-46.1056,71.53,42,83,1.19
273,Bayevo,RU,2022-05-11 22:00:53,53.2833,80.7667,50.16,45,100,6.93
274,Berlevag,NO,2022-05-11 22:00:54,70.8578,29.0864,37.2,98,100,16.4
275,Gravdal,NO,2022-05-11 22:00:54,68.1214,13.5031,41.95,95,41,5.84
276,Kargasok,RU,2022-05-11 22:00:55,59.0556,80.8572,44.82,55,100,7.2
277,Turayf,SA,2022-05-11 22:00:56,31.6725,38.6637,64.9,30,1,10.85
278,Korgen,NO,2022-05-11 22:00:57,66.0771,13.8153,41.18,92,100,4.47
279,Houma,US,2022-05-11 22:00:57,29.5958,-90.7195,90.0,62,0,4.0
280,Pandan,PH,2022-05-11 22:00:58,14.0453,124.1694,79.05,82,56,6.51
281,Coquimbo,CL,2022-05-11 22:00:59,-29.9533,-71.3436,58.23,85,79,1.23
282,Upernavik,GL,2022-05-11 22:01:00,72.7868,-56.1549,18.97,85,78,7.27
283,Cidreira,BR,2022-05-11 22:01:01,-30.1811,-50.2056,61.86,81,71,12.84
284,Codrington,AU,2022-05-11 22:01:01,-38.2667,141.9667,56.32,94,100,6.98
285,Boundiali,CI,2022-05-11 22:01:02,9.5217,-6.4869,77.0,70,43,6.2
286,Chahuites,MX,2022-05-11 22:01:02,16.2833,-94.1833,101.84,24,21,16.26
287,Arlit,NE,2022-05-11 22:01:03,18.7369,7.3853,90.03,11,0,13.56
288,Aswan,EG,2022-05-11 22:01:04,24.0934,32.907,84.38,17,2,15.39
289,Eyl,SO,2022-05-11 22:01:05,7.9803,49.8164,82.44,83,62,10.27
290,Cabo San Lucas,MX,2022-05-11 22:00:02,22.8909,-109.9124,89.62,52,1,9.48
291,Kumluca,TR,2022-05-11 22:01:05,36.3703,30.2869,63.81,64,1,3.76
292,Askiz,RU,2022-05-11 22:01:06,53.1319,90.5264,37.96,51,4,1.52
293,Ust-Kulom,RU,2022-05-11 22:01:07,61.6864,53.6902,49.24,94,100,5.84
294,Bowen,AU,2022-05-11 22:01:08,-20.0167,148.2333,73.62,91,100,8.3
295,Brusque,BR,2022-05-11 22:01:09,-27.0981,-48.9175,66.61,88,2,0.87
296,Price,US,2022-05-11 22:01:09,39.5994,-110.8107,71.11,12,8,29.19
297,Westport,US,2022-05-11 21:57:13,41.1415,-73.3579,77.14,60,49,4.0
298,Hokitika,NZ,2022-05-11 22:01:10,-42.7167,170.9667,54.43,69,98,2.42
299,Kulhudhuffushi,MV,2022-05-11 22:01:10,6.6221,73.07,83.64,76,87,14.88
300,Sao Joao Da Barra,BR,2022-05-11 22:01:11,-21.6403,-41.0511,73.11,84,16,11.18
301,Baykit,RU,2022-05-11 22:01:12,61.67,96.37,35.1,98,100,1.97
302,Bonavista,CA,2022-05-11 22:01:12,48.6499,-53.1147,48.58,59,25,18.84
303,Muros,ES,2022-05-11 22:01:13,42.7762,-9.0603,61.09,76,100,8.37
304,Katsuura,JP,2022-05-11 22:01:13,35.1333,140.3,67.1,86,100,6.8
305,Hambantota,LK,2022-05-11 22:01:14,6.1241,81.1185,79.14,100,40,8.05
306,Loralai,PK,2022-05-11 22:01:15,30.3705,68.598,75.11,10,0,7.99
307,Bafq,IR,2022-05-11 22:01:15,31.6128,55.4107,76.5,9,0,0.83
308,Constitucion,CL,2022-05-11 22:01:16,-35.3333,-72.4167,56.8,65,100,7.23
309,Pangnirtung,CA,2022-05-11 22:01:17,66.1451,-65.7125,24.76,88,19,1.48
310,Acapulco,MX,2022-05-11 22:00:03,16.8634,-99.8901,87.75,56,6,8.52
311,Asheville,US,2022-05-11 21:59:58,35.6009,-82.554,80.82,35,0,1.99
312,Port Hedland,AU,2022-05-11 21:58:07,-20.3167,118.5667,62.65,59,97,6.91
313,Elizabeth City,US,2022-05-11 22:00:24,36.2946,-76.2511,62.62,82,100,19.57
314,Coihaique,CL,2022-05-11 22:01:18,-45.5752,-72.0662,43.07,90,100,3.69
315,Morondava,MG,2022-05-11 22:01:19,-20.2833,44.2833,71.65,77,0,9.33
316,Kiruna,SE,2022-05-11 22:02:19,67.8557,20.2251,31.12,93,99,3.44
317,Lebedinyy,RU,2022-05-11 22:02:23,58.5167,125.5167,25.5,83,100,11.07
318,Half Moon Bay,US,2022-05-11 22:02:24,37.4636,-122.4286,70.21,60,0,29.93
319,Qaqortoq,GL,2022-05-11 22:02:24,60.7167,-46.0333,33.21,100,100,9.44
320,Geraldton,AU,2022-05-11 22:02:25,-28.7667,114.6,63.01,88,100,2.3
321,Aksehir,TR,2022-05-11 22:02:26,38.3575,31.4164,48.45,84,53,1.9
322,Prince George,CA,2022-05-11 22:02:27,53.9166,-122.753,49.24,72,98,7.07
323,Kinkala,CG,2022-05-11 22:02:27,-4.3614,14.7644,71.74,96,100,3.6
324,Laibin,CN,2022-05-11 22:02:28,23.7,109.2667,69.35,97,100,7.92
325,Alenquer,BR,2022-05-11 22:02:30,-1.9417,-54.7383,79.7,77,46,3.02
326,High Prairie,CA,2022-05-11 22:02:30,55.4334,-116.4858,57.24,40,89,3.78
327,Wahiawa,US,2022-05-11 22:02:31,21.5028,-158.0236,78.21,66,81,13.29
328,Mamlyutka,KZ,2022-05-11 22:02:32,54.9375,68.5394,50.9,66,100,6.96
329,Sao Filipe,CV,2022-05-11 22:02:32,14.8961,-24.4956,73.44,77,95,9.24
330,Pacific Grove,US,2022-05-11 22:02:33,36.6177,-121.9166,67.55,69,0,11.99
331,Byron Bay,AU,2022-05-11 22:02:33,-28.65,153.6167,68.7,74,100,14.79
332,Plaster Rock,CA,2022-05-11 22:02:34,46.9065,-67.39,68.18,47,19,4.97
333,Bone,DE,2022-05-11 22:02:34,51.9669,12.1396,59.29,91,66,7.11
334,Valdivia,CL,2022-05-11 21:58:58,-39.8142,-73.2459,50.09,96,100,1.52
335,Sinop,TR,2022-05-11 22:02:35,41.7711,34.8709,46.33,53,100,4.29
336,Bengkulu,ID,2022-05-11 22:02:36,-3.8004,102.2655,77.68,88,90,10.11
337,Gwadar,PK,2022-05-11 22:02:36,25.1216,62.3254,81.9,69,77,8.99
338,San Quintin,MX,2022-05-11 22:02:37,30.4833,-115.95,64.2,54,98,24.72
339,Batagay-Alyta,RU,2022-05-11 22:02:37,67.8006,130.4114,25.93,81,76,3.6
340,Touros,BR,2022-05-11 21:58:50,-5.1989,-35.4608,76.53,89,100,9.15
341,Esperance,AU,2022-05-11 22:02:38,-33.8667,121.9,64.89,55,100,9.26
342,Ocos,GT,2022-05-11 22:02:39,14.5094,-92.1933,86.04,63,100,6.6
343,Eston,CA,2022-05-11 22:02:39,51.1501,-108.7514,61.92,25,2,12.15
344,Dunedin,NZ,2022-05-11 22:02:40,-45.8742,170.5036,57.79,49,1,5.01
345,Paola,IT,2022-05-11 22:02:40,39.3599,16.0396,56.7,82,45,2.48
346,Tigil,RU,2022-05-11 22:02:41,57.8,158.6667,46.71,65,82,4.27
347,San Cristobal,VE,2022-05-11 22:02:41,7.7669,-72.225,75.79,69,93,2.86
348,Namatanai,PG,2022-05-11 22:02:42,-3.6667,152.4333,82.92,76,98,8.19
349,Kandrian,PG,2022-05-11 22:02:43,-6.2167,149.55,81.79,82,94,7.38
350,Dvinskoy,RU,2022-05-11 22:02:43,62.1535,45.1175,49.26,73,100,1.59
351,Perth,AU,2022-05-11 22:00:08,-31.9333,115.8333,60.1,94,100,8.05
352,Torbay,CA,2022-05-11 22:02:44,47.6666,-52.7314,46.27,57,11,11.7
353,Namibe,AO,2022-05-11 22:02:45,-15.1961,12.1522,72.79,68,0,2.59
354,Tres Lagoas,BR,2022-05-11 22:02:45,-20.7511,-51.6783,69.46,83,100,5.88
355,Shimoda,JP,2022-05-11 22:02:46,34.6667,138.95,66.81,85,91,4.94
356,Ugoofaaru,MV,2022-05-11 22:02:46,5.6667,73.0,83.75,75,86,16.8
357,Bignona,SN,2022-05-11 22:02:47,12.8103,-16.2264,76.64,65,90,9.66
358,Trairi,BR,2022-05-11 21:59:06,-3.2778,-39.2689,75.16,91,85,6.82
359,Pitea,SE,2022-05-11 22:02:48,65.3172,21.4794,43.09,81,100,2.3
360,Manitouwadge,CA,2022-05-11 22:02:48,49.1215,-85.8403,78.8,15,61,1.61
361,Vostok,RU,2022-05-11 22:03:49,46.4856,135.8833,43.34,85,100,3.6
362,Molina,CL,2022-05-11 22:03:49,-35.1167,-71.2833,60.89,55,100,3.09
363,Cherskiy,RU,2022-05-11 22:03:50,68.75,161.3,22.08,92,100,12.53
364,The Valley,AI,2022-05-11 22:03:50,18.217,-63.0578,81.82,80,100,21.34
365,Port Macquarie,AU,2022-05-11 22:03:51,-31.4333,152.9167,64.89,87,100,13.82
366,Boyolangu,ID,2022-05-11 22:03:52,-8.1181,111.8935,75.67,93,100,2.35
367,Portel,BR,2022-05-11 22:03:52,-1.9356,-50.8211,76.44,89,84,3.0
368,Ulladulla,AU,2022-05-11 22:03:53,-35.35,150.4667,60.76,97,100,3.49
369,Luan,CH,2022-05-11 22:03:53,46.3592,6.9759,59.63,73,11,4.47
370,Itarema,BR,2022-05-11 22:03:54,-2.9248,-39.9167,77.38,84,97,9.75
371,Puerto Princesa,PH,2022-05-11 22:03:55,9.7392,118.7353,80.51,82,33,4.0
372,Marabba,SD,2022-05-11 22:03:55,12.35,32.1833,95.59,10,10,6.62
373,Abu Samrah,SY,2022-05-11 22:03:56,35.3029,37.1841,60.55,61,0,9.75
374,Port Blair,IN,2022-05-11 22:03:56,11.6667,92.75,82.96,80,100,12.66
375,Udachnyy,RU,2022-05-11 22:03:57,66.4167,112.4,34.47,84,100,15.84
376,Kristinehamn,SE,2022-05-11 22:03:57,59.3098,14.1081,50.56,94,54,14.99
377,Sechura,PE,2022-05-11 22:03:58,-5.5569,-80.8222,74.26,61,15,17.38
378,Lerwick,GB,2022-05-11 22:03:59,60.1545,-1.1494,46.4,80,94,23.11
379,San Patricio,US,2022-05-11 22:03:59,28.017,-97.5169,90.32,54,5,18.88
380,Constancia,MX,2022-05-11 22:04:00,24.2231,-107.1869,90.75,38,6,9.04
381,Lusambo,CD,2022-05-11 21:59:18,-4.9667,23.45,75.38,68,86,1.57
382,Borovskoy,KZ,2022-05-11 22:04:00,53.8,64.15,44.44,63,1,6.04
383,Poum,NC,2022-05-11 22:04:01,-20.2333,164.0167,76.82,69,100,22.48
384,Isangel,VU,2022-05-11 22:04:01,-19.55,169.2667,80.71,65,40,9.22
385,Wiarton,CA,2022-05-11 22:04:02,44.7407,-81.1332,74.03,77,52,3.27
386,Dicabisagan,PH,2022-05-11 22:04:03,17.0818,122.4157,78.35,84,10,4.79
387,Dali,CN,2022-05-11 22:04:03,25.7,100.1833,60.06,93,98,3.51
388,Mehamn,NO,2022-05-11 22:04:04,71.0357,27.8492,35.55,93,75,16.11
389,Gornyy,RU,2022-05-11 22:01:22,55.1153,83.9059,41.85,55,82,6.06
390,Asmar,AF,2022-05-11 22:04:05,35.0333,71.3581,74.14,37,27,10.13
391,Los Llanos De Aridane,ES,2022-05-11 22:04:05,28.6585,-17.9182,64.15,90,20,1.99
392,Lavrentiya,RU,2022-05-11 22:04:06,65.5833,-171.0,34.3,98,82,5.57
393,Oranzherei,RU,2022-05-11 22:04:07,45.8476,47.5663,53.17,67,61,16.8
394,Comodoro Rivadavia,AR,2022-05-11 22:01:03,-45.8667,-67.5,54.79,51,100,15.14
395,Liwale,TZ,2022-05-11 22:04:07,-9.7667,37.9333,65.41,83,1,3.47
396,Lugus,PH,2022-05-11 22:04:08,5.7036,120.8203,83.07,77,100,10.49
397,Aklavik,CA,2022-05-11 22:04:08,68.2191,-135.0107,41.85,60,14,8.23
398,Harnai,PK,2022-05-11 22:04:09,30.1005,67.9374,82.76,10,0,7.09
399,Harper,LR,2022-05-11 22:04:09,4.375,-7.7169,80.17,82,84,7.74
400,Lebu,CL,2022-05-11 22:04:10,-37.6167,-73.65,53.82,77,94,5.64
401,Abu Dhabi,AE,2022-05-11 22:02:55,24.4667,54.3667,81.97,65,0,14.03
402,Mandera,KE,2022-05-11 22:04:11,3.9366,41.867,81.82,63,47,17.92
403,Okha,RU,2022-05-11 22:04:11,53.5739,142.9478,33.82,92,100,14.2
404,Creel,MX,2022-05-11 22:04:12,27.75,-107.6333,78.51,15,0,20.74
405,Rosarito,MX,2022-05-11 21:59:43,32.3333,-117.0333,72.63,46,0,15.7
406,Bathsheba,BB,2022-05-11 22:04:13,13.2167,-59.5167,80.31,75,99,17.49
407,Esterhazy,CA,2022-05-11 22:04:13,50.65,-102.0843,56.95,56,100,8.5
408,Weligama,LK,2022-05-11 22:05:14,5.9667,80.4167,79.41,88,94,13.2
409,Forst,DE,2022-05-11 22:05:14,51.7333,14.6333,72.55,63,31,13.38
410,San Jose,US,2022-05-11 22:03:39,37.3394,-121.895,71.44,35,20,16.11
411,Edson,CA,2022-05-11 22:02:34,53.5835,-116.4356,56.37,36,99,7.87
412,Ambalavao,MG,2022-05-11 22:05:16,-21.8333,46.9333,58.95,87,61,3.4
413,Xai-Xai,MZ,2022-05-11 22:05:16,-25.0519,33.6442,66.58,82,54,7.25
414,Hovd,MN,2022-05-11 22:05:17,48.0056,91.6419,35.42,29,98,0.74
415,Banda Aceh,ID,2022-05-11 22:05:18,5.5577,95.3222,80.76,76,100,13.15
416,Vestmannaeyjar,IS,2022-05-11 22:05:19,63.4427,-20.2734,39.74,65,100,7.16
417,Batsfjord,NO,2022-05-11 22:05:20,70.6345,29.7185,37.18,100,100,5.75
418,Sabang,ID,2022-05-11 22:05:23,5.8933,95.3214,83.16,75,100,21.65
419,Sioux Lookout,CA,2022-05-11 22:05:24,50.1001,-91.917,69.53,32,54,4.65
420,Burns Lake,CA,2022-05-11 22:05:05,54.2331,-125.7533,45.55,63,100,1.45
421,Novoagansk,RU,2022-05-11 22:05:25,61.9449,76.6625,47.35,71,100,7.63
422,Bennettsville,US,2022-05-11 22:05:26,34.6174,-79.6848,81.03,28,0,13.8
423,Lensk,RU,2022-05-11 22:05:26,60.7253,114.9278,39.54,91,35,3.89
424,Hasaki,JP,2022-05-11 22:05:27,35.7333,140.8333,64.8,84,98,7.56
425,El Monte,US,2022-05-11 22:05:27,34.0686,-118.0276,75.33,21,0,17.27
426,Sao Jose Da Coroa Grande,BR,2022-05-11 22:05:29,-8.8978,-35.1478,76.82,83,13,5.55
427,Clyde River,CA,2022-05-11 22:05:29,70.4692,-68.5914,20.43,88,99,17.4
428,Sarakhs,IR,2022-05-11 22:05:30,36.5449,61.1577,72.68,28,6,3.56
429,Lasa,IT,2022-05-11 22:05:30,46.6166,10.7002,57.36,90,46,1.07
430,Langsa,ID,2022-05-11 22:05:31,4.4683,97.9683,74.89,96,100,2.55
431,Rawlins,US,2022-05-11 22:05:32,41.7911,-107.2387,73.29,12,0,27.63
432,Luganville,VU,2022-05-11 22:05:33,-15.5333,167.1667,79.23,80,100,18.37
433,Dukat,RU,2022-05-11 22:05:34,62.55,155.55,32.45,84,21,4.45
434,Mantua,IT,2022-05-11 22:05:34,45.1667,10.7833,69.04,67,10,5.01
435,Palora,EC,2022-05-11 22:05:35,-1.7,-77.9333,78.91,94,46,0.83
436,Monte Azul,BR,2022-05-11 22:05:35,-15.155,-42.8747,71.94,42,65,1.72
437,Stornoway,GB,2022-05-11 22:05:36,58.2093,-6.3865,45.93,82,20,9.22
438,Maple Creek,CA,2022-05-11 22:05:36,49.9168,-109.4848,63.0,20,14,10.49
439,Dalvik,IS,2022-05-11 22:05:38,65.9702,-18.5286,33.55,90,100,7.0
440,Lexington Park,US,2022-05-11 22:05:39,38.2668,-76.4538,62.65,84,100,9.22
441,Damghan,IR,2022-05-11 22:05:39,36.1683,54.348,66.45,40,2,1.97
442,Pauini,BR,2022-05-11 22:05:40,-7.7136,-66.9764,80.64,75,99,2.46
443,Novopokrovka,UA,2022-05-11 22:05:41,49.8425,36.5477,47.62,77,87,7.72
444,Garoua Boulai,CM,2022-05-11 22:05:41,5.8833,14.55,65.23,95,100,2.35
445,Ondjiva,AO,2022-05-11 22:05:42,-17.0667,15.7333,62.15,33,0,4.14
446,Peace River,CA,2022-05-11 22:05:42,56.2501,-117.286,58.37,39,64,9.82
447,Klaksvik,FO,2022-05-11 22:05:43,62.2266,-6.589,40.12,76,100,23.67
448,Arman,RU,2022-05-11 22:05:44,59.7,150.1667,34.02,87,94,1.61
449,San Juan,AR,2022-05-11 22:00:48,-31.5375,-68.5364,66.58,46,5,4.45
450,Buchach,UA,2022-05-11 22:05:45,49.0625,25.388,56.21,80,95,5.3
451,Torrelavega,ES,2022-05-11 22:06:45,43.3494,-4.0479,60.8,83,74,1.01
452,Talant,FR,2022-05-11 22:06:46,47.3369,5.0089,70.14,59,0,3.44
453,Zhanaozen,KZ,2022-05-11 22:06:47,43.3,52.8,56.89,69,100,9.22
454,Kununurra,AU,2022-05-11 22:06:47,-15.7667,128.7333,66.18,94,40,0.0
455,Comarapa,BO,2022-05-11 22:06:48,-17.9,-64.4833,56.03,94,100,2.95
456,Narsaq,GL,2022-05-11 22:06:48,60.9167,-46.05,34.02,99,100,7.58
457,Sorkjosen,NO,2022-05-11 22:06:49,69.8,20.9333,37.4,93,100,1.14
458,Miajadas,ES,2022-05-11 22:06:49,39.1513,-5.9084,71.01,35,99,4.34
459,Tezu,IN,2022-05-11 22:06:50,27.9167,96.1667,71.31,89,95,2.37
460,La Rioja,ES,2022-05-11 22:06:50,42.25,-2.5,56.98,96,100,3.74
461,Kuala Terengganu,MY,2022-05-11 22:06:51,5.3302,103.1408,78.64,87,63,4.09
462,Ginda,IN,2022-05-11 22:06:52,30.6945,78.4932,59.83,64,20,7.31
463,Kalaleh,IR,2022-05-11 22:06:52,37.3807,55.4916,60.4,83,65,2.98
464,Nuristan,AF,2022-05-11 22:06:53,35.3,70.8333,39.4,44,0,10.2
465,Preobrazheniye,RU,2022-05-11 22:06:53,42.9019,133.9064,51.12,67,97,6.38
466,Oussouye,SN,2022-05-11 22:06:55,12.485,-16.5469,74.3,78,79,8.01
467,Kabalo,CD,2022-05-11 22:06:56,-6.05,26.9167,71.74,73,75,3.11
468,Zyryanka,RU,2022-05-11 22:06:58,65.75,150.85,27.12,84,38,11.32
469,Port Hardy,CA,2022-05-11 22:04:49,50.6996,-127.4199,44.76,88,100,11.54
470,Guiyang,CN,2022-05-11 22:06:59,26.5833,106.7167,58.89,97,100,5.37
471,Sao Miguel Dos Campos,BR,2022-05-11 22:06:59,-9.7811,-36.0936,74.7,88,11,4.21
472,Morro Bay,US,2022-05-11 22:07:00,35.3658,-120.8499,71.94,57,1,11.01
473,Ambilobe,MG,2022-05-11 22:07:01,-13.2,49.05,71.44,96,11,2.21
474,Bonthe,SL,2022-05-11 22:07:01,7.5264,-12.505,80.87,85,17,5.88
475,Tazovskiy,RU,2022-05-11 22:07:02,67.4667,78.7,21.94,97,70,5.44
476,Buluang,PH,2022-05-11 22:07:02,13.3068,123.3425,76.6,86,90,3.11
477,Sao Miguel Do Araguaia,BR,2022-05-11 22:07:03,-13.275,-50.1628,77.09,43,31,3.11
478,Dudinka,RU,2022-05-11 22:07:04,69.4058,86.1778,29.62,97,100,10.96
479,Berdigestyakh,RU,2022-05-11 22:07:04,62.0989,126.6992,36.23,91,100,3.74
480,Raudeberg,NO,2022-05-11 22:07:05,61.9875,5.1352,43.95,95,100,17.94
481,Khilok,RU,2022-05-11 22:07:05,51.3674,110.4676,28.33,67,57,3.06
482,Lima,PE,2022-05-11 22:07:06,-12.0432,-77.0282,62.38,38,75,10.36
483,Rock Sound,BS,2022-05-11 22:07:06,24.9,-76.2,75.63,68,1,8.16
484,Arcata,US,2022-05-11 22:07:07,40.8665,-124.0828,62.74,62,0,12.66
485,Yoichi,JP,2022-05-11 22:07:08,43.2039,140.7703,56.28,74,100,1.52
486,Olafsvik,IS,2022-05-11 22:07:08,64.8945,-23.7142,35.42,93,100,15.75
487,Wanning,CN,2022-05-11 22:07:09,18.8003,110.3967,80.15,91,96,12.19
488,Adrar,MR,2022-05-11 22:07:09,20.5022,-10.0711,90.57,11,39,6.93
489,Ingham,US,2022-05-11 22:07:01,42.6,-84.3833,80.78,61,0,13.8
490,Hami,CN,2022-05-11 22:07:10,42.8,93.45,66.33,19,99,20.04
491,Oyama,JP,2022-05-11 22:07:11,36.3,139.8,67.59,74,100,1.45
492,Komsomolskiy,UZ,2022-05-11 22:07:11,40.4272,71.7189,64.96,67,81,4.7
493,Ribeira Do Pombal,BR,2022-05-11 22:07:12,-10.8344,-38.5358,75.15,76,67,7.2
494,Uyemskiy,RU,2022-05-11 22:07:13,64.4743,40.8524,50.05,49,0,4.47
495,Lighthouse Point,US,2022-05-11 22:07:13,26.2756,-80.0873,80.62,59,75,18.41
496,Broome,US,2022-05-11 22:07:14,42.2506,-75.833,79.57,14,0,6.91
497,Moyale,KE,2022-05-11 22:07:14,3.5167,39.0584,67.98,67,67,5.19
498,Iwanai,JP,2022-05-11 22:07:15,42.9744,140.5089,57.87,71,100,4.5
499,Priekule,LV,2022-05-11 22:08:15,56.4468,21.5897,51.12,95,98,9.46
500,Kunda,IN,2022-05-11 22:08:16,25.7167,81.5167,89.51,39,1,6.87
501,Tonstad,NO,2022-05-11 22:08:16,58.6626,6.7169,48.2,86,92,14.45
502,Seoul,KR,2022-05-11 22:06:37,37.5683,126.9778,56.64,59,100,2.57
503,Mangaratiba,BR,2022-05-11 22:08:17,-22.9597,-44.0406,73.09,77,100,1.32
504,Viedma,AR,2022-05-11 22:08:17,-40.8135,-62.9967,53.04,70,100,11.12
505,Roald,NO,2022-05-11 22:08:18,62.5833,6.1333,48.9,87,75,12.66
506,Nenjiang,CN,2022-05-11 22:08:19,49.1833,125.2167,39.72,79,95,6.78
507,Beroroha,MG,2022-05-11 22:08:19,-21.6667,45.1667,64.83,62,0,2.21
508,Channel-Port Aux Basques,CA,2022-05-11 22:08:23,47.5702,-59.1367,43.59,89,26,10.27
509,Faya,SA,2022-05-11 22:07:34,18.3851,42.4509,66.72,61,36,3.33
510,Iqaluit,CA,2022-05-11 22:08:20,63.7506,-68.5145,27.7,58,100,11.01
511,Antsohihy,MG,2022-05-11 22:08:24,-14.8796,47.9875,71.1,89,32,2.75
512,Sorong,ID,2022-05-11 22:08:25,-0.8833,131.25,81.32,82,100,11.5
513,Boysun,UZ,2022-05-11 22:08:26,38.2061,67.1986,61.88,67,2,4.12
514,Maracacume,BR,2022-05-11 22:08:26,-2.0428,-45.9592,74.7,96,100,3.67
515,Chudniv,UA,2022-05-11 22:08:27,50.052,28.1175,52.39,72,77,7.43
516,Dubbo,AU,2022-05-11 22:08:28,-32.25,148.6167,59.13,94,100,12.66
517,Daru,PG,2022-05-11 22:08:28,-9.0763,143.2092,78.85,89,64,6.26
518,Cap Malheureux,MU,2022-05-11 22:08:29,-19.9842,57.6142,74.46,88,17,8.43
519,Celestun,MX,2022-05-11 22:08:29,20.8667,-90.4,83.44,65,5,23.58
520,Rodez,FR,2022-05-11 22:08:30,44.5,2.5833,64.71,67,0,9.22
521,Pimenta Bueno,BR,2022-05-11 22:04:58,-11.6725,-61.1936,76.71,84,57,1.9
522,Salmon Creek,US,2022-05-11 22:08:31,45.7107,-122.649,63.79,42,40,10.36
523,Komatsu,JP,2022-05-11 22:08:31,36.4026,136.4509,66.72,71,100,1.23
524,Kungurtug,RU,2022-05-11 22:08:32,50.5994,97.5228,25.95,66,66,0.94
525,Nouadhibou,MR,2022-05-11 22:08:33,20.931,-17.0347,66.16,83,7,25.59
526,Palu,ID,2022-05-11 22:08:33,-0.8917,119.8707,76.66,90,98,2.06
527,Correntina,BR,2022-05-11 22:08:34,-13.3433,-44.6367,76.82,38,82,1.63
528,Maumere,ID,2022-05-11 22:08:34,-8.6199,122.2111,78.28,76,33,2.28
529,Kailua,US,2022-05-11 22:08:35,21.4022,-157.7394,84.18,67,75,12.66
530,Mercedes,AR,2022-05-11 22:08:35,-34.6515,-59.4307,54.79,59,89,5.12
531,Gusau,NG,2022-05-11 22:08:36,12.1628,6.6614,84.22,52,100,13.53
532,Mae Sai,TH,2022-05-11 22:08:38,20.4335,99.8762,72.97,97,95,0.83
533,Saurimo,AO,2022-05-11 22:08:39,-9.6608,20.3916,73.22,51,92,4.36
534,Marshfield,US,2022-05-11 22:08:39,44.6689,-90.1718,77.88,73,100,14.97
535,Ellsworth,US,2022-05-11 22:08:40,44.5434,-68.4195,69.55,64,0,6.91
536,Narwar,IN,2022-05-11 22:08:40,25.65,77.9,89.51,27,2,4.43
537,Pudozh,RU,2022-05-11 22:08:41,61.8099,36.5345,46.72,77,97,5.28
538,Marrakesh,MA,2022-05-11 22:08:42,31.6315,-8.0083,80.67,28,40,6.91
539,Powell River,CA,2022-05-11 22:08:43,49.8496,-124.5361,54.09,66,100,16.11
540,Sorland,NO,2022-05-11 22:08:43,67.667,12.6934,42.66,91,86,6.11
541,Ayagoz,KZ,2022-05-11 22:09:44,47.9714,80.4392,52.03,74,41,2.59
542,Waingapu,ID,2022-05-11 22:09:44,-9.6567,120.2641,75.38,67,16,4.63
543,Mandalgovi,MN,2022-05-11 22:09:45,45.7625,106.2708,29.16,44,12,14.52
544,Hit,IQ,2022-05-11 22:09:46,33.6416,42.8251,76.01,22,36,1.81
545,Pachino,IT,2022-05-11 22:09:46,36.7186,15.0907,62.24,73,0,3.33
546,Tabou,CI,2022-05-11 22:09:47,4.423,-7.3528,79.99,84,96,7.43
547,Baruun-Urt,MN,2022-05-11 22:09:47,46.6806,113.2792,29.91,49,16,11.45
548,Tommot,RU,2022-05-11 22:09:13,58.9564,126.2925,31.35,78,100,3.87
549,Sayat,TM,2022-05-11 22:09:48,38.7839,63.8803,74.26,36,0,8.28
550,Inhambane,MZ,2022-05-11 22:09:49,-23.865,35.3833,70.29,80,0,5.35
551,Morehead,US,2022-05-11 22:09:50,37.2711,-87.1764,88.95,61,40,6.91
552,Ambovombe,MG,2022-05-11 22:09:42,-25.1667,46.0833,66.94,78,18,5.5
553,Kirovskiy,RU,2022-05-11 22:09:51,45.0917,133.5136,49.26,79,93,5.64
554,Noyabrsk,RU,2022-05-11 22:09:51,63.1994,75.4507,47.7,68,100,10.33
555,Whithorn,JM,2022-05-11 22:09:52,18.2604,-78.0378,81.45,75,53,1.59
556,Pinega,RU,2022-05-11 22:09:52,64.7001,43.3936,43.25,80,100,5.03
557,Omsukchan,RU,2022-05-11 22:09:53,62.5333,155.8,34.41,87,29,3.53
558,Inirida,CO,2022-05-11 22:09:53,3.8653,-67.9239,76.78,94,83,2.44
559,Margate,GB,2022-05-11 22:09:32,51.3813,1.3862,53.69,87,17,1.99
560,Kloulklubed,PW,2022-05-11 22:09:54,7.0419,134.2556,73.9,90,100,15.5
561,Inuvik,CA,2022-05-11 22:09:55,68.3499,-133.7218,40.53,68,21,13.11
562,Sept-Iles,CA,2022-05-11 22:05:59,50.2001,-66.3821,51.06,58,93,3.0
